fator_1,fator_2,fator_3,fator_4,fator_5,Produto_1_service,Produto_2_service,cost_total,cost_machine,cost_rent,cost_stock,cost_rupture,cost_op
1,2,1,2,2,99.64,94.36,161128.8,140000.0,10000.0,6698.8,4430.0,21128.8
2,1,1,3,1,99.93,98.28,162194.23,140000.0,10000.0,10914.23,1280.0,22194.23
1,2,1,3,1,99.71,94.84,163543.01,140000.0,10000.0,9633.01,3910.0,23543.01
1,2,2,2,1,100.0,100.0,167060.09,150000.0,10000.0,7060.09,0.0,17060.09
1,2,2,2,2,100.0,100.0,168273.02,150000.0,10000.0,8273.02,0.0,18273.02
2,1,2,2,1,100.0,100.0,168841.54,150000.0,10000.0,8841.54,0.0,18841.54
2,1,2,2,2,100.0,100.0,169298.79,150000.0,10000.0,9298.79,0.0,19298.79
2,1,1,2,1,94.98,94.45,170428.01,140000.0,10000.0,6978.01,13450.0,30428.01
2,1,1,4,1,100.0,100.0,170746.19,140000.0,15000.0,15746.19,0.0,30746.19
1,2,1,4,1,99.79,97.68,170803.37,140000.0,15000.0,13823.37,1980.0,30803.37
1,2,1,2,1,94.63,90.69,172096.41,140000.0,10000.0,5416.41,16680.0,32096.41
1,2,2,3,1,100.0,100.0,172104.01,150000.0,10000.0,12104.01,0.0,22104.01
2,1,2,3,1,100.0,100.0,173019.73,150000.0,10000.0,13019.73,0.0,23019.73
1,2,1,4,2,100.0,100.0,173803.23,140000.0,20000.0,13803.23,0.0,33803.23
2,1,3,1,1,100.0,100.0,174635.31,160000.0,10000.0,4635.31,0.0,14635.31
1,2,1,4,3,100.0,100.0,174686.24,140000.0,20000.0,14686.24,0.0,34686.24
1,2,3,1,1,100.0,100.0,174691.78,160000.0,10000.0,4691.78,0.0,14691.78
2,1,1,4,2,100.0,100.0,175363.68,140000.0,20000.0,15363.68,0.0,35363.68
2,1,1,4,3,100.0,100.0,175626.54,140000.0,20000.0,15626.54,0.0,35626.54
1,2,1,3,2,95.38,96.79,176104.57,140000.0,15000.0,10094.57,11010.0,36104.57
1,2,2,3,2,100.0,100.0,176610.92,150000.0,15000.0,11610.92,0.0,26610.92
1,2,3,2,1,100.0,100.0,177753.04,160000.0,10000.0,7753.04,0.0,17753.04
1,2,2,3,3,100.0,100.0,177775.41,150000.0,15000.0,12775.41,0.0,27775.41
2,1,2,3,3,100.0,100.0,178351.29,150000.0,15000.0,13351.29,0.0,28351.29
2,1,2,3,2,100.0,100.0,178444.03,150000.0,15000.0,13444.03,0.0,28444.03
1,2,3,2,2,100.0,100.0,178621.95,160000.0,10000.0,8621.95,0.0,18621.95
2,1,3,2,1,100.0,100.0,178702.8,160000.0,10000.0,8702.8,0.0,18702.8
2,1,3,2,2,100.0,100.0,179630.32,160000.0,10000.0,9630.32,0.0,19630.32
2,1,3,2,3,100.0,100.0,179716.68,160000.0,10000.0,9716.68,0.0,19716.68
1,2,2,4,1,100.0,100.0,181233.36,150000.0,15000.0,16233.36,0.0,31233.36
1,2,3,3,1,100.0,100.0,182009.37,160000.0,10000.0,12009.37,0.0,22009.37
2,1,2,4,1,100.0,100.0,182928.01,150000.0,15000.0,17928.01,0.0,32928.01
2,1,3,3,1,100.0,100.0,183242.46,160000.0,10000.0,13242.46,0.0,23242.46
1,2,2,4,2,100.0,100.0,186716.66,150000.0,20000.0,16716.66,0.0,36716.66
2,1,2,4,2,100.0,100.0,186917.76,150000.0,20000.0,16917.76,0.0,36917.76
1,2,2,4,3,100.0,100.0,187017.8,150000.0,20000.0,17017.8,0.0,37017.8
1,2,3,3,2,100.0,100.0,187586.08,160000.0,15000.0,12586.08,0.0,27586.08
1,2,3,3,3,100.0,100.0,187906.6,160000.0,15000.0,12906.6,0.0,27906.6
2,1,3,3,2,100.0,100.0,188433.64,160000.0,15000.0,13433.64,0.0,28433.64
2,1,2,4,3,100.0,100.0,188606.12,150000.0,20000.0,18606.12,0.0,38606.12
2,1,3,3,3,100.0,100.0,188935.99,160000.0,15000.0,13935.99,0.0,28935.99
1,2,3,4,1,100.0,100.0,192417.81,160000.0,15000.0,17417.81,0.0,32417.81
2,1,3,4,1,100.0,100.0,193428.35,160000.0,15000.0,18428.35,0.0,33428.35
1,2,3,4,2,100.0,100.0,196363.64,160000.0,20000.0,16363.64,0.0,36363.64
2,1,3,4,2,100.0,100.0,197686.31,160000.0,20000.0,17686.31,0.0,37686.31
1,2,3,4,3,100.0,100.0,198217.01,160000.0,20000.0,18217.01,0.0,38217.01
2,1,3,4,3,100.0,100.0,198648.53,160000.0,20000.0,18648.53,0.0,38648.53
3,1,2,2,1,100.0,100.0,199378.17,180000.0,10000.0,9378.17,0.0,19378.17
3,1,1,2,1,96.44,92.07,199898.61,170000.0,10000.0,7568.61,12330.0,29898.61
3,1,2,2,2,100.0,100.0,199982.44,180000.0,10000.0,9982.44,0.0,19982.44
3,1,1,4,1,99.82,100.0,200651.28,170000.0,15000.0,15291.28,360.0,30651.28
3,1,2,3,1,100.0,100.0,203879.59,180000.0,10000.0,13879.59,0.0,23879.59
3,1,3,1,1,100.0,100.0,205175.61,190000.0,10000.0,5175.61,0.0,15175.61
3,1,1,4,2,100.0,100.0,205516.76,170000.0,20000.0,15516.76,0.0,35516.76
3,1,1,4,3,100.0,100.0,206288.95,170000.0,20000.0,16288.95,0.0,36288.95
3,1,2,3,2,100.0,100.0,209020.57,180000.0,15000.0,14020.57,0.0,29020.57
3,1,3,2,1,100.0,100.0,209659.83,190000.0,10000.0,9659.83,0.0,19659.83
3,1,3,2,2,100.0,100.0,210113.45,190000.0,10000.0,10113.45,0.0,20113.45
3,1,1,3,2,94.58,94.19,210572.94,170000.0,15000.0,11322.94,14250.0,40572.94
2,1,1,3,2,81.99,83.95,211614.33,140000.0,15000.0,10834.33,45780.0,71614.33
3,1,2,4,1,100.0,100.0,213699.72,180000.0,15000.0,18699.72,0.0,33699.72
3,1,3,3,1,100.0,100.0,213711.36,190000.0,10000.0,13711.36,0.0,23711.36
3,1,2,4,2,100.0,100.0,217565.86,180000.0,20000.0,17565.86,0.0,37565.86
3,1,2,4,3,100.0,100.0,218910.19,180000.0,20000.0,18910.19,0.0,38910.19
3,1,3,3,2,100.0,100.0,219764.27,190000.0,15000.0,14764.27,0.0,29764.27
3,1,3,3,3,100.0,100.0,219958.0,190000.0,15000.0,14958.0,0.0,29958.0
2,1,1,3,3,77.82,83.47,220333.06,140000.0,15000.0,10853.06,54480.0,80333.06
2,1,1,1,1,77.01,66.17,221067.57,140000.0,10000.0,3947.57,67120.0,81067.57
4,1,1,2,1,99.41,95.98,221959.22,200000.0,10000.0,8129.22,3830.0,21959.22
4,1,1,3,1,99.74,98.06,222938.43,200000.0,10000.0,11178.43,1760.0,22938.43
3,1,3,4,1,100.0,100.0,223755.26,190000.0,15000.0,18755.26,0.0,33755.26
1,3,1,3,1,98.83,96.4,224752.32,200000.0,10000.0,10052.32,4700.0,24752.32
1,3,1,3,2,100.0,100.0,224805.23,200000.0,15000.0,9805.23,0.0,24805.23
2,1,1,2,2,72.97,76.49,226979.82,140000.0,10000.0,7629.82,69350.0,86979.82
3,1,3,4,2,100.0,100.0,228086.15,190000.0,20000.0,18086.15,0.0,38086.15
4,1,1,3,3,99.64,99.69,228409.01,200000.0,15000.0,12519.01,890.0,28409.01
3,1,1,3,1,85.32,86.28,228810.97,170000.0,10000.0,11030.97,37780.0,58810.97
1,3,1,4,1,100.0,99.93,229552.25,200000.0,15000.0,14502.25,50.0,29552.25
3,1,3,4,3,100.0,100.0,229758.65,190000.0,20000.0,19758.65,0.0,39758.65
1,3,1,2,1,95.76,90.13,230710.22,200000.0,10000.0,5870.22,14840.0,30710.22
2,2,1,4,1,100.0,100.0,230728.99,200000.0,15000.0,15728.99,0.0,30728.99
4,1,1,4,1,100.0,99.88,231221.75,200000.0,15000.0,16141.75,80.0,31221.75
2,2,1,2,1,94.64,92.42,232858.19,200000.0,10000.0,7318.19,15540.0,32858.19
1,3,1,4,2,100.0,100.0,234766.99,200000.0,20000.0,14766.99,0.0,34766.99
4,1,1,4,3,100.0,100.0,236464.57,200000.0,20000.0,16464.57,0.0,36464.57
4,1,1,4,2,100.0,100.0,236553.23,200000.0,20000.0,16553.23,0.0,36553.23
3,1,2,1,1,83.96,84.51,236697.15,180000.0,10000.0,4617.15,42080.0,56697.15
2,2,1,4,2,99.39,99.91,237748.93,200000.0,20000.0,16508.93,1240.0,37748.93
1,3,1,2,2,92.82,85.34,240824.85,200000.0,10000.0,6984.85,23840.0,40824.85
1,2,3,2,3,74.28,78.42,241827.1,160000.0,10000.0,8217.1,63610.0,81827.1
4,1,1,3,2,94.21,93.41,242223.75,200000.0,15000.0,11523.75,15700.0,42223.75
1,2,1,3,3,68.0,73.5,245244.46,140000.0,15000.0,10114.46,80130.0,105244.46
3,1,1,3,3,78.32,78.47,252798.57,170000.0,15000.0,11258.57,56540.0,82798.57
2,2,1,3,1,87.57,86.25,253908.41,200000.0,10000.0,10618.41,33290.0,53908.41
3,1,2,3,3,79.2,83.68,259799.82,180000.0,15000.0,13289.82,51510.0,79799.82
2,1,2,1,1,61.89,64.78,260681.81,150000.0,10000.0,3741.81,96940.0,110681.81
1,3,1,4,3,88.85,93.0,261605.99,200000.0,20000.0,14785.99,26820.0,61605.99
2,2,1,4,3,88.9,93.23,262247.19,200000.0,20000.0,15777.19,26470.0,62247.19
2,2,1,3,2,81.62,84.93,271892.48,200000.0,15000.0,11262.48,45630.0,71892.48
2,2,1,1,1,80.38,69.49,271924.02,200000.0,10000.0,3984.02,57940.0,71924.02
3,1,1,1,1,68.93,58.13,273122.07,170000.0,10000.0,4072.07,89050.0,103122.07
2,2,1,3,3,79.52,83.22,276413.12,200000.0,15000.0,11153.12,50260.0,76413.12
1,3,1,3,3,79.17,83.75,276930.93,200000.0,15000.0,10760.93,51170.0,76930.93
4,1,1,2,2,74.95,76.62,282602.37,200000.0,10000.0,8082.37,64520.0,82602.37
1,2,2,1,1,51.72,54.73,287207.51,150000.0,10000.0,3397.51,123810.0,137207.51
3,1,3,2,3,67.97,75.56,288213.61,190000.0,10000.0,8673.61,79540.0,98213.61
3,1,1,2,2,56.48,62.23,299435.92,170000.0,10000.0,7675.92,111760.0,129435.92
1,3,1,1,1,67.17,58.47,304841.86,200000.0,10000.0,3281.86,91560.0,104841.86
2,1,2,2,3,42.78,49.75,310509.62,150000.0,10000.0,6599.62,143910.0,160509.62
2,2,1,2,2,63.6,64.89,312309.14,200000.0,10000.0,8049.14,94260.0,112309.14
3,1,3,1,2,51.6,53.54,329851.63,190000.0,10000.0,4091.63,125760.0,139851.63
2,1,1,2,3,32.36,35.65,331041.31,140000.0,10000.0,7001.31,174040.0,191041.31
2,1,1,1,3,32.71,28.84,331513.65,140000.0,10000.0,4153.65,177360.0,191513.65
1,2,1,2,3,32.34,34.22,332676.2,140000.0,10000.0,6776.2,175900.0,192676.2
1,2,3,1,2,35.87,36.05,337995.79,160000.0,10000.0,3455.79,164540.0,177995.79
1,2,1,1,3,27.75,29.49,340231.51,140000.0,10000.0,4121.51,186110.0,200231.51
2,1,3,1,3,37.22,33.24,341099.79,160000.0,10000.0,3879.79,167220.0,181099.79
1,2,2,2,3,27.55,34.41,351144.9,150000.0,10000.0,6214.9,184930.0,201144.9
2,1,2,1,3,27.49,29.52,351531.25,150000.0,10000.0,4111.25,187420.0,201531.25
1,2,1,1,1,22.26,23.69,355093.65,140000.0,10000.0,3213.65,201880.0,215093.65
2,1,1,1,2,21.71,20.87,358446.62,140000.0,10000.0,3676.62,204770.0,218446.62
1,2,2,1,3,22.64,28.7,360899.03,150000.0,10000.0,3919.03,196980.0,210899.03
1,2,1,1,2,18.63,21.17,361959.13,140000.0,10000.0,3709.13,208250.0,221959.13
2,1,3,1,2,28.37,24.21,363767.65,160000.0,10000.0,4007.65,189760.0,203767.65
2,1,2,1,2,21.5,25.32,367987.86,150000.0,10000.0,4017.86,203970.0,217987.86
1,2,2,1,2,21.61,21.2,368171.49,150000.0,10000.0,3691.49,204480.0,218171.49
1,2,3,1,3,22.51,32.89,369511.32,160000.0,10000.0,4051.32,195460.0,209511.32
3,1,1,2,3,27.72,34.77,370077.13,170000.0,10000.0,6767.13,183310.0,200077.13
3,1,2,2,3,32.35,35.12,371146.04,180000.0,10000.0,6056.04,175090.0,191146.04
3,1,1,1,3,27.4,28.26,373783.32,170000.0,10000.0,3953.32,189830.0,203783.32
3,1,2,1,3,27.48,28.27,382560.8,180000.0,10000.0,3870.8,188690.0,202560.8
4,1,1,1,1,32.57,30.85,389639.06,200000.0,10000.0,3689.06,175950.0,189639.06
3,1,2,1,2,24.61,24.44,392554.15,180000.0,10000.0,4014.15,198540.0,212554.15
1,3,1,1,3,32.35,28.89,393340.54,200000.0,10000.0,4130.54,179210.0,193340.54
3,1,1,1,2,18.17,21.04,395781.59,170000.0,10000.0,3801.59,211980.0,225781.59
3,1,3,1,3,22.24,33.11,401414.2,190000.0,10000.0,3834.2,197580.0,211414.2
4,1,1,2,3,27.37,35.31,401639.12,200000.0,10000.0,6799.12,184840.0,201639.12
4,1,1,1,3,27.58,28.29,401674.22,200000.0,10000.0,3844.22,187830.0,201674.22
2,2,1,2,3,27.55,33.8,401914.12,200000.0,10000.0,6684.12,185230.0,201914.12
2,2,1,1,3,27.36,28.42,403069.67,200000.0,10000.0,3949.67,189120.0,203069.67
1,3,1,2,3,22.51,34.34,411205.58,200000.0,10000.0,6465.58,194740.0,211205.58
1,3,1,1,2,24.86,21.04,412996.73,200000.0,10000.0,3726.73,199270.0,212996.73
2,2,1,1,2,21.63,20.66,419590.19,200000.0,10000.0,3850.19,205740.0,219590.19
4,1,1,1,2,20.44,18.93,421651.52,200000.0,10000.0,4241.52,207410.0,221651.52
